rank,product_link,product_image,product_name,protocol,sales_eth,sales_summary_link,sales_usd,owners_color,owners,buyers,sales_link,Txns
1,/axie-infinity,https://d1nht67oz99wd1.cloudfront.net/resized/axie-infinity-logo_resized.png,Axie Infinity,Ronin,"832,864.5204 ETH",/axie-infinity/sales/summary,"$2,188,917,031",gold,"1,888,762","647,765",/axie-infinity/sales,"5,679,495"
2,/cryptopunks,https://d1nht67oz99wd1.cloudfront.net/resized/cryptopunks-logo_resized.png,CryptoPunks,Ethereum,"526,673.6522 ETH",/cryptopunks/sales/summary,"$1,373,969,522",gold,"3,172","4,460",/cryptopunks/sales,"18,364"
3,/art-blocks,https://d1nht67oz99wd1.cloudfront.net/resized/art-blocks-logo2_resized.png,Art Blocks,Ethereum,"297,412.9638 ETH",/art-blocks/sales/summary,"$909,238,635",gold,"20,344","17,754",/art-blocks/sales,"104,312"
4,/nba-top-shot,https://d1nht67oz99wd1.cloudfront.net/nba-top-shot-v2-logo.png,NBA Top Shot,Flow,"722,589,999.38 USD",/nba-top-shot/sales/summary,"$722,589,999",gold,"564,033","348,306",/nba-top-shot/sales,"9,866,840"
5,/bored-ape-yacht-club,https://d1nht67oz99wd1.cloudfront.net/resized/BoredApeYachtClub_resized.ico,Bored Ape Yacht Club,Ethereum,"171,749.1238 ETH",/bored-ape-yacht-club/sales/summary,"$513,986,940",gold,"5,534","7,472",/bored-ape-yacht-club/sales,"21,217"
6,/mutant-ape-yacht-club,https://d1nht67oz99wd1.cloudfront.net/resized/mutant-ape-yacht-club_resized.png,Mutant Ape Yacht Club,Ethereum,"81,923.3935 ETH",/mutant-ape-yacht-club/sales/summary,"$273,147,152",gold,"8,881","6,856",/mutant-ape-yacht-club/sales,"11,472"
7,/loot,https://cryptoslam-token-images.s3.amazonaws.com/icons/loot.png,Loot,Ethereum,"66,642.8233 ETH",/loot/sales/summary,"$249,566,960",gold,"2,573","3,325",/loot/sales,"9,258"
8,/meebits,https://d1nht67oz99wd1.cloudfront.net/resized/meebits_resized.png,Meebits,Ethereum,"69,266.4050 ETH",/meebits/sales/summary,"$215,923,764",gold,"5,237","4,604",/meebits/sales,"12,457"
9,/0n1-force,https://d1nht67oz99wd1.cloudfront.net/0N1-force.png,0N1 Force,Ethereum,"42,065.2949 ETH",/0n1-force/sales/summary,"$138,300,149",gold,"4,226","6,254",/0n1-force/sales,"14,619"
10,/cool-cats,https://d1nht67oz99wd1.cloudfront.net/resized/cool-cats_resized.ico,Cool Cats,Ethereum,"40,984.8316 ETH",/cool-cats/sales/summary,"$125,104,692",gold,"4,687","7,161",/cool-cats/sales,"21,480"
11,/pudgy-penguins,https://d1nht67oz99wd1.cloudfront.net/resized/pudgy-penguins_resized.jpg,Pudgy Penguins,Ethereum,"37,686.1039 ETH",/pudgy-penguins/sales/summary,"$120,949,553",gold,"4,694","9,175",/pudgy-penguins/sales,"24,893"
12,/parallel-alpha,https://d1nht67oz99wd1.cloudfront.net/parallel-alpha.ico,Parallel Alpha,Ethereum,"38,049.6768 ETH",/parallel-alpha/sales/summary,"$118,162,631",gold,,"7,096",/parallel-alpha/sales,"45,961"
13,/punks-comic,https://d1nht67oz99wd1.cloudfront.net/resized/PUNKS-Comic_resized.jpg,PUNKS Comic,Ethereum,"33,067.3504 ETH",/punks-comic/sales/summary,"$110,140,718",gold,"3,124","2,993",/punks-comic/sales,"7,677"
14,/zed-run,https://d1nht67oz99wd1.cloudfront.net/resized/zedrun-logo_resized.png,Zed Run,Polygon,"89,688,329.39 MATIC",/zed-run/sales/summary,"$104,316,557",gold,"30,037","28,782",/zed-run/sales,"119,935"
15,/sorare,https://d1nht67oz99wd1.cloudfront.net/resized/sorare-logo-v2_resized.png,Sorare,Ethereum,"50,996.4094 ETH",/sorare/sales/summary,"$93,390,590",gold,"40,974","30,062",/sorare/sales,"508,188"
16,,https://d1nht67oz99wd1.cloudfront.net/resized/CurioCards_resized.png,Curio Cards,Ethereum,"29,731.0757 ETH",/curio-cards/sales/summary,"$92,645,043",gold,1,"5,335",/curio-cards/sales,"16,233"
17,/bored-ape-kennel-club,https://d1nht67oz99wd1.cloudfront.net/resized/bored-ape-kennel-club_resized.png,Bored Ape Kennel Club,Ethereum,"33,288.2453 ETH",/bored-ape-kennel-club/sales/summary,"$89,380,084",gold,"4,820","4,757",/bored-ape-kennel-club/sales,"12,225"
18,/veefriends,https://d1nht67oz99wd1.cloudfront.net/resized/veefriends_resized.png,Veefriends,Ethereum,"26,683.2522 ETH",/veefriends/sales/summary,"$78,737,460",gold,"4,967","1,181",/veefriends/sales,"2,595"
19,/hashmasks,https://d1nht67oz99wd1.cloudfront.net/resized/hashmasks-logo-2_resized.png,Hashmasks,Ethereum,"36,046.9474 ETH",/hashmasks/sales/summary,"$70,019,826",gold,"4,947","4,860",/hashmasks/sales,"16,341"
20,/world-of-women,https://d1nht67oz99wd1.cloudfront.net/resized/world-of-women_resized.png,World Of Women,Ethereum,"20,494.9353 ETH",/world-of-women/sales/summary,"$64,446,766",gold,"4,404","5,818",/world-of-women/sales,"16,052"
21,/creature-world-nft,https://d1nht67oz99wd1.cloudfront.net/resized/creature-world_resized.png,Creature World NFT,Ethereum,"19,625.8599 ETH",/creature-world-nft/sales/summary,"$64,045,563",gold,"5,492","7,894",/creature-world-nft/sales,"16,817"
22,/emblem-vault,https://cryptoslam-token-images.s3.amazonaws.com/icons/emblem-vault.png,Emblem Vault,Ethereum,"18,625.9559 ETH",/emblem-vault/sales/summary,"$61,395,024",gold,"3,600","3,275",/emblem-vault/sales,"11,564"
23,/cyberkongz,https://d1nht67oz99wd1.cloudfront.net/CyberKongz.png,CyberKongz,Ethereum,"17,437.1149 ETH",/cyberkongz/sales/summary,"$55,937,807",gold,"1,385","1,515",/cyberkongz/sales,"2,838"
24,/cryptoadz,https://cryptoslam-token-images.s3.amazonaws.com/icons/cryptoads.jpg,CrypToadz,Ethereum,"15,928.0898 ETH",/cryptoadz/sales/summary,"$52,402,012",gold,"3,030","4,889",/cryptoadz/sales,"11,440"
25,/mooncats,https://cryptoslam-token-images.s3.amazonaws.com/MoonCats.ico,Mooncats,Ethereum,"18,649.1056 ETH",/mooncats/sales/summary,"$50,301,083",gold,"5,626","6,030",/mooncats/sales,"17,916"
26,/sneaky-vampire-syndicate,https://cryptoslam-token-images.s3.amazonaws.com/icons/svs.png,Sneaky Vampire Syndicate,Ethereum,"14,899.7382 ETH",/sneaky-vampire-syndicate/sales/summary,"$49,283,837",gold,"4,806","4,311",/sneaky-vampire-syndicate/sales,"9,865"
27,,https://d1nht67oz99wd1.cloudfront.net/resized/cryptokitties-logo_resized.png,CryptoKitties,Ethereum,"69,899.2809 ETH",/cryptokitties/sales/summary,"$44,950,281",gold,"107,920","109,285",/cryptokitties/sales,"783,007"
28,/cyberkongz-vx,https://d1nht67oz99wd1.cloudfront.net/resized/CyberKongs-VX_resized.webp,CyberKongz VX,Ethereum,"13,185.1206 ETH",/cyberkongz-vx/sales/summary,"$42,531,605",gold,"3,221","3,990",/cyberkongz-vx/sales,"11,567"
29,/lazy-lions,https://d1nht67oz99wd1.cloudfront.net/resized/lazy-lions_resized.webp,Lazy Lions,Ethereum,"12,539.1137 ETH",/lazy-lions/sales/summary,"$40,442,470",gold,"4,547","7,184",/lazy-lions/sales,"17,617"
30,,https://cryptoslam-token-images.s3.amazonaws.com/icons/galaxyeggs.jpeg,Galaxy Eggs,Ethereum,"12,121.5866 ETH",/galaxy-eggs/sales/summary,"$40,126,334",gold,"5,198","6,047",/galaxy-eggs/sales,"12,986"
31,/sup-ducks,https://d1nht67oz99wd1.cloudfront.net/resized/supducks_resized.png,Sup Ducks,Ethereum,"13,267.1125 ETH",/sup-ducks/sales/summary,"$39,548,614",gold,"3,009","5,089",/sup-ducks/sales,"13,340"
32,/the-sevens,https://cryptoslam-token-images.s3.amazonaws.com/icons/thesevens.png,The Sevens,Ethereum,"11,285.3293 ETH",/the-sevens/sales/summary,"$39,510,571",gold,"4,105","4,581",/the-sevens/sales,"8,347"
33,/the-doge-pound,https://d1nht67oz99wd1.cloudfront.net/resized/the-doge-pound_resized.png,The Doge Pound,Ethereum,"12,411.6239 ETH",/the-doge-pound/sales/summary,"$39,430,740",gold,"4,460","4,360",/the-doge-pound/sales,"9,442"
34,/fluf-world,https://d1nht67oz99wd1.cloudfront.net/resized/fluf-world_resized.webp,Fluf World,Ethereum,"12,429.9587 ETH",/fluf-world/sales/summary,"$39,133,221",gold,"3,434","4,425",/fluf-world/sales,"11,958"
35,/koala-intelligence-agency,https://d1nht67oz99wd1.cloudfront.net/koala-intelligence-agency.png,Koala Intelligence Agency,Ethereum,"11,821.8007 ETH",/koala-intelligence-agency/sales/summary,"$38,445,033",gold,"4,923","6,824",/koala-intelligence-agency/sales,"14,620"
36,/autoglyphs,https://d1nht67oz99wd1.cloudfront.net/autoglyphs.png,Autoglyphs,Ethereum,"15,999.5824 ETH",/autoglyphs/sales/summary,"$37,903,994",gold,153,182,/autoglyphs/sales,347
37,/adam-bomb-squad,https://cryptoslam-token-images.s3.amazonaws.com/icons/adam-bomb-squad.jpg,Adam Bomb Squad,Ethereum,"10,171.1169 ETH",/adam-bomb-squad/sales/summary,"$36,142,943",gold,"7,388","7,504",/adam-bomb-squad/sales,"19,807"
38,,https://lh3.googleusercontent.com/h0MhwYG3nIpAP8Pse5MAN8SkpuuB_eshuQpc0g7ShW3G0XgZmIGYfb3nN-qV079TfjDyVl4BpY-ch5xMclDWEMIn6oMZV3CFZfMCVWs=s130,888 Inner Circle,Ethereum,"10,442.3086 ETH",/888-inner-circle/sales/summary,"$34,626,465",gold,1,"4,087",/888-inner-circle/sales,"7,000"
39,/bloot,https://cryptoslam-token-images.s3.amazonaws.com/icons/bloot.png,Bloot,Ethereum,"8,666.5174 ETH",/bloot/sales/summary,"$33,279,023",gold,"4,267","5,671",/bloot/sales,"12,961"
40,/alien-worlds,https://d1nht67oz99wd1.cloudfront.net/resized/alien-worlds-logo_resized.png,Alien Worlds,WAX,"159,362,588 WAX",/alien-worlds/sales/summary,"$30,217,205",gold,"2,116,126","376,840",/alien-worlds/sales,"4,249,082"
41,/gutter-cat-gang,https://d1nht67oz99wd1.cloudfront.net/guttercats-logo.jpeg,Gutter Cat Gang,Ethereum,"9,967.4121 ETH",/gutter-cat-gang/sales/summary,"$30,189,327",gold,,"1,536",/gutter-cat-gang/sales,"3,011"
42,/blitmap,https://d1nht67oz99wd1.cloudfront.net/resized/blitmap_resized.png,Blitmap,Ethereum,"8,404.4553 ETH",/blitmap/sales/summary,"$28,968,894",gold,574,329,/blitmap/sales,802
43,/tom-sachs-rocket-factory,https://d1nht67oz99wd1.cloudfront.net/resized/tom-sach-rocket-factory_resized.webp,Tom Sachs Rocket Factory,Ethereum,"9,706.8796 ETH",/tom-sachs-rocket-factory/sales/summary,"$28,081,142",gold,307,699,/tom-sachs-rocket-factory/sales,"2,462"
44,/the-cryptodads,https://cryptoslam-token-images.s3.amazonaws.com/icons/crydads.png,The CryptoDads,Ethereum,"8,276.6170 ETH",/the-cryptodads/sales/summary,"$27,595,890",gold,"7,536","5,787",/the-cryptodads/sales,"11,344"
45,/rumble-kong-league,https://d1nht67oz99wd1.cloudfront.net/rumble-kong-league.webp,Rumble Kong League,Ethereum,"7,902.3467 ETH",/rumble-kong-league/sales/summary,"$26,410,613",gold,"2,846","3,396",/rumble-kong-league/sales,"8,665"
46,/animetas,https://d1nht67oz99wd1.cloudfront.net/resized/animetas_resized.png,Animetas,Ethereum,"8,935.9654 ETH",/animetas/sales/summary,"$25,905,989",gold,"3,976","5,039",/animetas/sales,"14,832"
47,/the-wicked-craniums,https://d1nht67oz99wd1.cloudfront.net/resized/wicked-cranium_resized.png,The Wicked Craniums,Ethereum,"8,477.4260 ETH",/the-wicked-craniums/sales/summary,"$21,289,965",gold,"4,434","6,535",/the-wicked-craniums/sales,"19,517"
48,/the-vogu-collective,https://d1nht67oz99wd1.cloudfront.net/resized/the-vogu-collective_resized.png,The Vogu Collective,Ethereum,"7,858.7891 ETH",/the-vogu-collective/sales/summary,"$20,894,098",gold,"2,824","3,887",/the-vogu-collective/sales,"10,225"
49,/robotos-official,https://d1nht67oz99wd1.cloudfront.net/robotos.png,Robotos Official,Ethereum,"6,778.3188 ETH",/robotos-official/sales/summary,"$20,710,400",gold,"4,825","7,198",/robotos-official/sales,"15,765"
50,/anonymice,https://cryptoslam-token-images.s3.amazonaws.com/icons/anonymice.jpeg,Anonymice,Ethereum,"6,326.2479 ETH",/anonymice/sales/summary,"$20,598,704",gold,"1,048","1,445",/anonymice/sales,"3,919"
51,/bastard-gan-punks-v2,https://d1nht67oz99wd1.cloudfront.net/resized/bastard-gan-punks-v2_resized.ico,Bastard Gan Punks V2,Ethereum,"7,126.6849 ETH",/bastard-gan-punks-v2/sales/summary,"$19,403,769",gold,"2,908","3,120",/bastard-gan-punks-v2/sales,"10,035"
52,,https://lh3.googleusercontent.com/cyJeHA0Oo-KveczexdimAxDHTCtmvApkn2SWFhq_QmU4CotxW1uCRp-rBydovapL65kG5geRCrGZts74o3eZS9VONQ6549A4DIMCjg=s130,MetaHero Universe,Ethereum,"5,443.0711 ETH",/metahero-universe/sales/summary,"$18,843,719",gold,"2,838",538,/metahero-universe/sales,718
53,/cupcats-official,https://cryptoslam-token-images.s3.amazonaws.com/icons/cupcat.png,Cupcats Official,Ethereum,"5,983.3895 ETH",/cupcats-official/sales/summary,"$18,458,162",gold,"2,291","2,840",/cupcats-official/sales,"6,971"
54,,https://d1nht67oz99wd1.cloudfront.net/resized/al-cabones_resized.png,Al Cabones,Ethereum,"5,445.0886 ETH",/al-cabones/sales/summary,"$18,200,315",gold,373,"5,084",/al-cabones/sales,"10,777"
55,,https://cryptoslam-token-images.s3.amazonaws.com/icons/space-punks-club.png,Space Punks Club,Ethereum,"5,188.7024 ETH",/space-punks-club/sales/summary,"$17,767,808",gold,"4,255","4,729",/space-punks-club/sales,"10,602"
56,/stoner-cats,https://d1nht67oz99wd1.cloudfront.net/resized/stoner-cats_resized.png,Stoner Cats,Ethereum,"6,561.6556 ETH",/stoner-cats/sales/summary,"$17,757,857",gold,"4,514","3,710",/stoner-cats/sales,"7,154"
57,,https://cryptoslam-token-images.s3.amazonaws.com/icons/cryptoarte.png,CryptoArte,Ethereum,"5,561.0866 ETH",/cryptoarte/sales/summary,"$17,400,338",gold,"3,301","3,979",/cryptoarte/sales,"9,435"
58,/r-planet,https://d1nht67oz99wd1.cloudfront.net/resized/r-planet_resized.png,R Planet,WAX,"99,106,688 WAX",/r-planet/sales/summary,"$17,299,523",gold,"13,210","11,404",/r-planet/sales,"93,636"
59,/deafbeef,https://d1nht67oz99wd1.cloudfront.net/resized/deafbeef_resized.jpg,Deafbeef,Ethereum,"6,031.7857 ETH",/deafbeef/sales/summary,"$17,223,077",gold,105,86,/deafbeef/sales,127
60,/incognito,https://d1nht67oz99wd1.cloudfront.net/resized/incognito_resized.webp,Incognito,Ethereum,"4,957.7033 ETH",/incognito/sales/summary,"$16,254,346",gold,"3,324","4,666",/incognito/sales,"14,081"
61,/topps-mlb,https://d1nht67oz99wd1.cloudfront.net/topps-mlb.png,Topps MLB,WAX,"82,074,963 WAX",/topps-mlb/sales/summary,"$15,858,911",gold,"35,272","15,410",/topps-mlb/sales,"557,080"
62,/lonely-alien-space-club,https://d1nht67oz99wd1.cloudfront.net/resized/lonely-alien-space-club_resized.png,Lonely Alien Space Club,Ethereum,"4,864.2993 ETH",/lonely-alien-space-club/sales/summary,"$15,541,607",gold,"3,664","4,332",/lonely-alien-space-club/sales,"11,681"
63,,https://d1nht67oz99wd1.cloudfront.net/resized/mch-logo_resized.png,The Sandbox,Ethereum,"4,894.3888 ETH",/the-sandbox/sales/summary,"$15,064,338",gold,"11,763","3,777",/the-sandbox/sales,"7,997"
64,/monkey-bet-dao,https://cryptoslam-token-images.s3.amazonaws.com/icons/monkey-bet.png,Monkey Bet DAO,Ethereum,"4,010.0504 ETH",/monkey-bet-dao/sales/summary,"$14,504,103",gold,"3,271","4,819",/monkey-bet-dao/sales,"10,649"
65,/avid-lines,https://d1nht67oz99wd1.cloudfront.net/resized/avid-lines_resized.png,Avid Lines,Ethereum,"4,576.0172 ETH",/avid-lines/sales/summary,"$13,704,785",gold,273,255,/avid-lines/sales,444
66,/treeverse,https://d1nht67oz99wd1.cloudfront.net/treeverse.png,Treeverse,Ethereum,"4,265.0451 ETH",/treeverse/sales/summary,"$13,575,904",gold,"3,732","3,338",/treeverse/sales,"6,931"
67,/sipherian-surge,https://lh3.googleusercontent.com/7UuKVrJzigTu5oUT2klZbSAuHPB0YUwxvEdN0sMHqiSo_guQPsDxeRy2mts_1j2WhaB-VwxgPRxYxr44EjeFEAoXrzHbCDmoKG3B=s130,Sipherian Surge,Ethereum,"3,754.2156 ETH",/sipherian-surge/sales/summary,"$12,482,619",gold,"3,867","3,766",/sipherian-surge/sales,"8,902"
68,/bulls-on-the-block,https://d1nht67oz99wd1.cloudfront.net/resized/Bulls-on-the-block_resized.png,Bulls On The Block,Ethereum,"5,121.7509 ETH",/bulls-on-the-block/sales/summary,"$12,312,320",gold,"4,131","5,684",/bulls-on-the-block/sales,"17,333"
69,/dapper-dinos-nft,https://cryptoslam-token-images.s3.amazonaws.com/icons/dapperdino.jpeg,Dapper Dinos NFT,Ethereum,"3,390.9437 ETH",/dapper-dinos-nft/sales/summary,"$11,267,540",gold,"4,769","4,028",/dapper-dinos-nft/sales,"8,259"
70,/gutter-rats,https://d1nht67oz99wd1.cloudfront.net/resized/gutter-rats_resized.png,Gutter Rats,Ethereum,"3,389.1108 ETH",/gutter-rats/sales/summary,"$11,227,671",gold,,"1,480",/gutter-rats/sales,"2,756"
71,/voxies,https://d1nht67oz99wd1.cloudfront.net/resized/voxies_resized.png,Voxies,Ethereum,"3,626.4206 ETH",/voxies/sales/summary,"$11,197,581",gold,"1,514","1,137",/voxies/sales,"4,478"
72,/dead-heads,https://d1nht67oz99wd1.cloudfront.net/resized/dead-heads_resized.png,Dead Heads,Ethereum,"4,508.2875 ETH",/dead-heads/sales/summary,"$10,818,041",gold,"3,430","4,217",/dead-heads/sales,"12,926"
73,,https://cryptoslam-token-images.s3.amazonaws.com/icons/rogue.png,Rogue Society Bot,Ethereum,"2,740.8485 ETH",/rogue-society-bot/sales/summary,"$10,363,872",gold,"6,839","6,370",/rogue-society-bot/sales,"13,393"
74,/crypto-cannabis-club,https://d1nht67oz99wd1.cloudfront.net/resized/crypto-cannabis-club_resized.jpg,Crypto Cannabis Club,Ethereum,"2,879.5609 ETH",/crypto-cannabis-club/sales/summary,"$9,524,493",gold,"3,643","3,672",/crypto-cannabis-club/sales,"8,574"
75,/forgotten-runes,https://d1nht67oz99wd1.cloudfront.net/resized/forgotten-runes-wizards-cult_resized.ico,Forgotten Runes,Ethereum,"3,267.4993 ETH",/forgotten-runes/sales/summary,"$9,506,240",gold,"2,329","2,872",/forgotten-runes/sales,"9,554"
76,,https://cryptoslam-token-images.s3.amazonaws.com/icons/chicken-derby.png,Chicken Derby,Polygon,"6,809,129.44 MATIC",/chicken-derby/sales/summary,"$9,161,158",gold,"5,256","4,030",/chicken-derby/sales,"17,221"
77,/gauntlets,https://d1nht67oz99wd1.cloudfront.net/resized/gauntlets_resized.webp,Gauntlets,Ethereum,"2,715.7897 ETH",/gauntlets/sales/summary,"$9,108,347",gold,"3,652","2,505",/gauntlets/sales,"5,473"
78,/galaxy-fight-club,https://d1nht67oz99wd1.cloudfront.net/resized/galaxy-fight-club_resized.webp,Galaxy Fight Club,Ethereum,"2,847.0022 ETH",/galaxy-fight-club/sales/summary,"$9,066,813",gold,"2,670","3,638",/galaxy-fight-club/sales,"10,717"
79,/bored-mummy-waking-up,https://d1nht67oz99wd1.cloudfront.net/bored-mummy-waking-up.png,Bored Mummy Waking Up,Ethereum,"2,750.0705 ETH",/bored-mummy-waking-up/sales/summary,"$8,872,278",gold,"3,744","5,231",/bored-mummy-waking-up/sales,"12,648"
80,/mutant-garden-seeder,https://d1nht67oz99wd1.cloudfront.net/resized/mutant-garden-seeder_resized.png,Mutant Garden Seeder,Ethereum,"2,883.1825 ETH",/mutant-garden-seeder/sales/summary,"$8,848,068",gold,265,237,/mutant-garden-seeder/sales,446
81,/goons-of-balatroon,https://d1nht67oz99wd1.cloudfront.net/goons-of-balatroon.ico,Goons of Balatroon,Ethereum,"2,595.4757 ETH",/goons-of-balatroon/sales/summary,"$8,736,692",gold,"3,497","2,928",/goons-of-balatroon/sales,"6,838"
82,/generativemasks,https://d1nht67oz99wd1.cloudfront.net/resized/generative-masks_resized.webp,Generativemasks,Ethereum,"2,698.8229 ETH",/generativemasks/sales/summary,"$8,368,455",gold,"3,547","3,646",/generativemasks/sales,"8,710"
83,/royal-society-of-players,https://d1nht67oz99wd1.cloudfront.net/resized/royal-society-of-players_resized.png,Royal Society Of Players,Ethereum,"2,977.8017 ETH",/royal-society-of-players/sales/summary,"$8,202,242",gold,"1,591","1,347",/royal-society-of-players/sales,"6,613"
84,/nah-fungible-bones,https://cryptoslam-token-images.s3.amazonaws.com/icons/svs.png,NAH Fungible Bones,Ethereum,"2,845.2995 ETH",/nah-fungible-bones/sales/summary,"$8,071,705",gold,"4,979","5,231",/nah-fungible-bones/sales,"11,808"
85,/star-sailor-siblings,https://cryptoslam-token-images.s3.amazonaws.com/icons/star-sailor-siblings.png,Star Sailor Siblings,Ethereum,"2,481.8380 ETH",/star-sailor-siblings/sales/summary,"$8,056,329",gold,"2,507","2,626",/star-sailor-siblings/sales,"7,435"
86,,https://d1nht67oz99wd1.cloudfront.net/heavencomputer.ico,HeavenComputer,Ethereum,"2,436.4008 ETH",/heavencomputer/sales/summary,"$7,818,091",gold,"2,960","3,146",/heavencomputer/sales,"7,634"
87,/space-poggers,https://cryptoslam-token-images.s3.amazonaws.com/icons/space-poggers.ico,Space Poggers,Ethereum,"2,402.7949 ETH",/space-poggers/sales/summary,"$7,656,773",gold,"2,943","3,254",/space-poggers/sales,"10,702"
88,/sad-frogs-district,https://d1nht67oz99wd1.cloudfront.net/sad-frogs-district.jpg,Sad Frogs District,Ethereum,"2,271.4516 ETH",/sad-frogs-district/sales/summary,"$7,278,752",gold,"2,118","3,046",/sad-frogs-district/sales,"8,223"
89,/crazy-lizard-army,https://d1nht67oz99wd1.cloudfront.net/resized/crazy-lizard-army_resized.ico,Crazy Lizard Army,Ethereum,"2,479.9899 ETH",/crazy-lizard-army/sales/summary,"$7,167,918",gold,"1,900","2,760",/crazy-lizard-army/sales,"10,214"
90,/wrapped-strikers,https://d1nht67oz99wd1.cloudfront.net/wrapped-strikers.jpg,Wrapped Strikers,Ethereum,"2,114.2111 ETH",/wrapped-strikers/sales/summary,"$6,863,267",gold,750,797,/wrapped-strikers/sales,"1,864"
91,/purrnelopes-country-club,https://d1nht67oz99wd1.cloudfront.net/resized/purrnelopes-country-club_resized.jpg,Purrnelopes Country Club,Ethereum,"2,029.4536 ETH",/purrnelopes-country-club/sales/summary,"$6,756,949",gold,"2,784","2,036",/purrnelopes-country-club/sales,"7,314"
92,/f1-delta-time,https://d1nht67oz99wd1.cloudfront.net/resized/f1-delta-time-logo_resized.png,F1 Delta Time,Ethereum,"3,916.1542 ETH",/f1-delta-time/sales/summary,"$6,624,160",gold,"1,455","1,032",/f1-delta-time/sales,"7,935"
93,/junkyarddogs,https://cryptoslam-token-images.s3.amazonaws.com/icons/junkyard-dogs.ico,JunkYardDogs,Ethereum,"2,030.6972 ETH",/junkyarddogs/sales/summary,"$6,457,284",gold,"3,323","3,862",/junkyarddogs/sales,"8,475"
94,/avastars,https://d1nht67oz99wd1.cloudfront.net/resized/avastars_resized.png,Avastars,Ethereum,"3,579.4746 ETH",/avastars/sales/summary,"$6,291,373",gold,"4,522","2,488",/avastars/sales,"7,443"
95,/voxodeus,https://d1nht67oz99wd1.cloudfront.net/resized/voxodeus_resized.png,Voxodeus,Ethereum,"1,929.5311 ETH",/voxodeus/sales/summary,"$6,170,902",gold,"1,637","2,146",/voxodeus/sales,"6,967"
96,/visitors-of-imma-degen,https://d1nht67oz99wd1.cloudfront.net/resized/the-visitors-of-imma-degen_resized.png,Visitors Of Imma Degen,Ethereum,"2,091.2047 ETH",/visitors-of-imma-degen/sales/summary,"$5,804,943",gold,"2,468","3,020",/visitors-of-imma-degen/sales,"9,914"
97,,https://cryptoslam-token-images.s3.amazonaws.com/icons/covidpunks.jpeg,COVIDPunks,Ethereum,"1,778.3688 ETH",/covidpunks/sales/summary,"$5,381,259",gold,"3,810","4,198",/covidpunks/sales,"9,717"
98,/farmers-world,https://d1nht67oz99wd1.cloudfront.net/resized/farmers-world_resized.png,Farmers World,WAX,"20,131,541 WAX",/farmers-world/sales/summary,"$5,299,480",gold,"4,429","4,539",/farmers-world/sales,"52,689"
99,/the-alien-boy,https://d1nht67oz99wd1.cloudfront.net/resized/the-alien-boy_resized.png,The Alien Boy,Ethereum,"1,980.7427 ETH",/the-alien-boy/sales/summary,"$4,979,475",gold,"3,610","4,231",/the-alien-boy/sales,"12,858"
100,/the-lost-glitches,https://lh3.googleusercontent.com/StxGb1ZUJYW6bQOWqe14HJ6FAoAJJ9s5dd23Cjf8IkD1YFMzfAC0VQaEUnjSnybNAghR_1I7XhF7UEwBRh03xmVjFXXz9LObS-BQRw=s130,The Lost Glitches,Ethereum,"1,499.7181 ETH",/the-lost-glitches/sales/summary,"$4,847,451",gold,"3,487","2,773",/the-lost-glitches/sales,"6,305"
101,/fame-lady-squad,https://d1nht67oz99wd1.cloudfront.net/fame-lady-squad.png,Fame Lady Squad,Ethereum,"1,629.4653 ETH",/fame-lady-squad/sales/summary,"$4,552,364",gold,"3,442","3,795",/fame-lady-squad/sales,"9,146"
102,/chubbies,https://d1nht67oz99wd1.cloudfront.net/resized/chubbies_resized.png,Chubbies,Ethereum,"2,426.9899 ETH",/chubbies/sales/summary,"$4,372,837",gold,"2,786","1,890",/chubbies/sales,"5,215"
103,/bunks,https://d1nht67oz99wd1.cloudfront.net/resized/cryptopunks-logo_resized.png,Bunks,BSC,"12,566.70 BNB",/bunks/sales/summary,"$4,176,560",gold,"1,107",786,/bunks/sales,"5,320"
104,/chibi-apes,https://cryptoslam-token-images.s3.amazonaws.com/icons/chibiApes.png,Chibi Apes,Ethereum,"1,239.1483 ETH",/chibi-apes/sales/summary,"$4,092,564",gold,"1,628","2,236",/chibi-apes/sales,"4,127"
105,/animonkeys,https://d1nht67oz99wd1.cloudfront.net/resized/animonkeys_resized.png,Animonkeys,Ethereum,"1,424.1908 ETH",/animonkeys/sales/summary,"$3,980,698",gold,"1,009","1,366",/animonkeys/sales,"3,482"
106,/great-ape-society,https://d1nht67oz99wd1.cloudfront.net/great-ape-society.jpg,Great Ape Society,Ethereum,"1,186.9947 ETH",/great-ape-society/sales/summary,"$3,845,847",gold,"3,503","3,933",/great-ape-society/sales,"8,734"
107,,https://d1nht67oz99wd1.cloudfront.net/resized/gods-unchained-logo_resized.png,Gods Unchained,Ethereum,"14,632.5470 ETH",/gods-unchained/sales/summary,"$3,771,774",gold,"15,216","3,560",/gods-unchained/sales,"386,307"
108,/top-dog-beach-club,https://d1nht67oz99wd1.cloudfront.net/resized/top-dog-beach-club_resized.png,Top Dog Beach Club,Ethereum,"1,120.3284 ETH",/top-dog-beach-club/sales/summary,"$3,607,173",gold,"2,715","2,156",/top-dog-beach-club/sales,"4,863"
109,/glue-factory-show,https://d1nht67oz99wd1.cloudfront.net/glue-factory-show.jpg,Glue Factory Show,Ethereum,"1,123.3226 ETH",/glue-factory-show/sales/summary,"$3,554,673",gold,"3,415","3,093",/glue-factory-show/sales,"6,461"
110,/crypto-beasts,https://d1nht67oz99wd1.cloudfront.net/resized/crypto-beasts_resized.ico,Crypto Beasts,Ethereum,"1,278.4384 ETH",/crypto-beasts/sales/summary,"$3,516,008",gold,"2,633","1,096",/crypto-beasts/sales,"3,443"
111,/nftboxes,https://d1nht67oz99wd1.cloudfront.net/resized/nftboxes_resized.png,Nftboxes,Ethereum,"1,098.2842 ETH",/nftboxes/sales/summary,"$3,083,627",gold,"2,275","1,169",/nftboxes/sales,"2,790"
112,/ether-cards-founder-series,https://d1nht67oz99wd1.cloudfront.net/resized/ether-cards_resized.png,Ether Cards Founder Series,Ethereum,920.4440 ETH,/ether-cards-founder-series/sales/summary,"$2,981,588",gold,"1,549",353,/ether-cards-founder-series/sales,815
113,/weird-whales,https://d1nht67oz99wd1.cloudfront.net/resized/weird-whales_resized.png,Weird Whales,Ethereum,932.6025 ETH,/weird-whales/sales/summary,"$2,966,521",gold,"1,635","1,381",/weird-whales/sales,"2,768"
114,/kogs,https://d1nht67oz99wd1.cloudfront.net/resized/kogs-logo_resized.png,KOGS,WAX,"38,726,812 WAX",/kogs/sales/summary,"$2,934,657",gold,"14,814","11,442",/kogs/sales,"516,321"
115,/colonize-mars,https://d1nht67oz99wd1.cloudfront.net/colonize-mars.png,Colonize Mars,WAX,"17,297,675 WAX",/colonize-mars/sales/summary,"$2,927,733",gold,"22,070","13,482",/colonize-mars/sales,"274,035"
116,/bitcoin-origins,https://d1nht67oz99wd1.cloudfront.net/resized/btc-origins-logo_resized.png,Bitcoin Origins,WAX,"38,920,185 WAX",/bitcoin-origins/sales/summary,"$2,924,603",gold,"9,092","4,015",/bitcoin-origins/sales,"33,556"
117,/byo-pills,https://d1nht67oz99wd1.cloudfront.net/resized/byopills_resized.ico,Byo Pills,Ethereum,"1,013.2531 ETH",/byo-pills/sales/summary,"$2,924,384",gold,"3,507","3,391",/byo-pills/sales,"7,305"
118,/long-neckie-ladies,https://d1nht67oz99wd1.cloudfront.net/long-neckie-ladies.png,Long Neckie Ladies,Ethereum,907.4573 ETH,/long-neckie-ladies/sales/summary,"$2,784,002",gold,"1,355","1,480",/long-neckie-ladies/sales,"3,536"
119,/green-rabbit,https://d1nht67oz99wd1.cloudfront.net/green-rabbit.png,Green Rabbit,WAX,"18,450,666 WAX",/green-rabbit/sales/summary,"$2,745,560",gold,"5,518","4,844",/green-rabbit/sales,"67,557"
120,/street-fighter,https://d1nht67oz99wd1.cloudfront.net/resized/streetfighter-logo_resized.png,Street Fighter,WAX,"23,100,301 WAX",/street-fighter/sales/summary,"$2,657,672",gold,"43,241","14,349",/street-fighter/sales,"453,637"
121,/wrapped-cryptocats,https://d1nht67oz99wd1.cloudfront.net/wrapped-crypto-cats.jpeg,Wrapped Cryptocats,Ethereum,965.4847 ETH,/wrapped-cryptocats/sales/summary,"$2,622,534",gold,144,108,/wrapped-cryptocats/sales,197
122,/super-yeti,https://d1nht67oz99wd1.cloudfront.net/resized/SuperYeti_resized.png,Super Yeti,Ethereum,989.8379 ETH,/super-yeti/sales/summary,"$2,599,143",gold,"3,445","3,248",/super-yeti/sales,"7,331"
123,/evolution,https://d1nht67oz99wd1.cloudfront.net/resized/evolution-logo_resized.png,Evolution,Flow,"2,485,543.25 USD",/evolution/sales/summary,"$2,485,543",gold,"2,058",699,/evolution/sales,"4,777"
124,/my-fking-pickle,https://d1nht67oz99wd1.cloudfront.net/resized/my-fucking-pickle_resized.ico,My Fking Pickle,Ethereum,999.5305 ETH,/my-fking-pickle/sales/summary,"$2,428,202",gold,"2,784","3,631",/my-fking-pickle/sales,"11,711"
125,/splinterlands,https://d1nht67oz99wd1.cloudfront.net/resized/splinterlands_resized.png,Splinterlands,WAX,"11,323,705 WAX",/splinterlands/sales/summary,"$2,294,159",gold,"5,819","6,197",/splinterlands/sales,"86,656"
126,/crypto-zunks,https://d1nht67oz99wd1.cloudfront.net/crypto-zunks.jpg,Crypto Zunks,Ethereum,706.3038 ETH,/crypto-zunks/sales/summary,"$2,216,656",gold,"2,719","2,339",/crypto-zunks/sales,"5,757"
127,/garbage-pail-kids,https://d1nht67oz99wd1.cloudfront.net/resized/gpk-logo_resized.png,Garbage Pail Kids,WAX,"32,958,476 WAX",/garbage-pail-kids/sales/summary,"$2,103,068",gold,"12,941","8,053",/garbage-pail-kids/sales,"212,181"
128,/mlb-champions,https://d1nht67oz99wd1.cloudfront.net/mlbc-logo.png,MLB Champions,Ethereum,"4,164.5996 ETH",/mlb-champions/sales/summary,"$2,099,387",gold,"2,537","1,953",/mlb-champions/sales,"45,370"
129,/funko,https://d1nht67oz99wd1.cloudfront.net/funko.jpg,Funko,WAX,"11,715,818 WAX",/funko/sales/summary,"$2,094,262",gold,"16,055","6,083",/funko/sales,"121,058"
130,/lucky-maneki,https://d1nht67oz99wd1.cloudfront.net/resized/lucky-maneki_resized.ico,Lucky Maneki,Ethereum,831.8465 ETH,/lucky-maneki/sales/summary,"$2,049,712",gold,"3,071","2,236",/lucky-maneki/sales,"7,623"
131,/dark-country,https://d1nht67oz99wd1.cloudfront.net/resized/dark-country-logo_resized.png,Dark Country,WAX,"14,106,771 WAX",/dark-country/sales/summary,"$2,025,990",gold,"463,370","8,407",/dark-country/sales,"149,287"
132,/goatz,https://d1nht67oz99wd1.cloudfront.net/resized/goatz_resized.png,Goatz,Ethereum,649.5493 ETH,/goatz/sales/summary,"$1,901,386",gold,"3,038","2,016",/goatz/sales,"5,002"
133,/slumdoge-billionaires,https://d1nht67oz99wd1.cloudfront.net/resized/slumdoge-billionaires_resized.ico,Slumdoge Billionaires,Ethereum,858.7342 ETH,/slumdoge-billionaires/sales/summary,"$1,869,388",gold,"2,350","2,473",/slumdoge-billionaires/sales,"6,935"
134,/pixls,https://d1nht67oz99wd1.cloudfront.net/resized/pixls_resized.png,Pixls,Ethereum,926.1405 ETH,/pixls/sales/summary,"$1,844,260",gold,"1,543",896,/pixls/sales,"2,822"
135,/hall-of-fame-goat-lodge,https://d1nht67oz99wd1.cloudfront.net/resized/hall-of-fame-goat-lodge_resized.jpg,Hall Of Fame Goat Lodge,Ethereum,682.1514 ETH,/hall-of-fame-goat-lodge/sales/summary,"$1,696,531",gold,"2,684","2,391",/hall-of-fame-goat-lodge/sales,"5,646"
136,/cometh-spaceships,https://d1nht67oz99wd1.cloudfront.net/resized/cometh_resized.ico,Cometh Spaceships,Ethereum,"1,036.9764 ETH",/cometh-spaceships/sales/summary,"$1,679,749",gold,976,681,/cometh-spaceships/sales,"2,122"
137,/crypto-raiders-characters,https://d1nht67oz99wd1.cloudfront.net/crypto-raiders-characters.ico,Crypto Raiders Characters,Polygon,"1,375,033.17 MATIC",/crypto-raiders-characters/sales/summary,"$1,669,306",gold,"1,643",859,/crypto-raiders-characters/sales,"2,460"
138,/janky-heist,https://d1nht67oz99wd1.cloudfront.net/resized/janky-heist_resized.ico,Janky Heist,Ethereum,633.0066 ETH,/janky-heist/sales/summary,"$1,620,991",gold,"2,537","1,152",/janky-heist/sales,"3,492"
139,/barn-owlz,https://d1nht67oz99wd1.cloudfront.net/resized/barn-owlz_resized.png,Barn Owlz,Ethereum,575.2029 ETH,/barn-owlz/sales/summary,"$1,507,552",gold,"1,223","1,750",/barn-owlz/sales,"4,609"
140,/gener8tive,https://d1nht67oz99wd1.cloudfront.net/resized/gener8tive-k-compositions_resized.ico,Gener8tive,Ethereum,582.9653 ETH,/gener8tive/sales/summary,"$1,396,695",gold,140,192,/gener8tive/sales,330
141,/the-wonderquest,https://d1nht67oz99wd1.cloudfront.net/resized/the-wonderquest_resized.jpg,The Wonderquest,Ethereum,500.6203 ETH,/the-wonderquest/sales/summary,"$1,391,682",gold,"2,673","1,175",/the-wonderquest/sales,"3,612"
142,/slacker-duck-pond,https://d1nht67oz99wd1.cloudfront.net/resized/slacker-duck-pond_resized.ico,Slacker Duck Pond,Ethereum,677.7428 ETH,/slacker-duck-pond/sales/summary,"$1,366,294",gold,"1,826","2,523",/slacker-duck-pond/sales,"9,024"
143,/hodlgod,https://d1nht67oz99wd1.cloudfront.net/resized/hodlgod-logo_resized.png,HodlGod,WAX,"6,967,272 WAX",/hodlgod/sales/summary,"$1,312,375",gold,"6,420","3,428",/hodlgod/sales,"29,119"
144,/the-horrors,https://d1nht67oz99wd1.cloudfront.net/resized/thehorrors-logo_resized.png,The Horrors,WAX,"10,831,512 WAX",/the-horrors/sales/summary,"$1,284,811",gold,"14,699","6,991",/the-horrors/sales,"130,355"
145,/blazed-cats,https://d1nht67oz99wd1.cloudfront.net/resized/blazed-cats_resized.webp,Blazed Cats,Ethereum,411.6996 ETH,/blazed-cats/sales/summary,"$1,235,049",gold,"3,033","2,324",/blazed-cats/sales,"5,141"
146,/block-cities,https://d1nht67oz99wd1.cloudfront.net/resized/block-cities_resized.png,Block Cities,Ethereum,469.2589 ETH,/block-cities/sales/summary,"$1,207,235",gold,564,467,/block-cities/sales,"1,643"
147,/pixelglyphs,https://d1nht67oz99wd1.cloudfront.net/resized/pixelglyphs_resized.png,Pixelglyphs,Ethereum,414.7923 ETH,/pixelglyphs/sales/summary,"$1,123,242",gold,"2,201","1,895",/pixelglyphs/sales,"6,684"
148,/cypher-city,https://d1nht67oz99wd1.cloudfront.net/resized/cypher-city_resized.ico,Cypher City,Ethereum,402.8433 ETH,/cypher-city/sales/summary,"$1,119,805",gold,"2,552","2,348",/cypher-city/sales,"5,529"
149,/yat,https://d1nht67oz99wd1.cloudfront.net/yat.png,Yat,Ethereum,353.1609 ETH,/yat/sales/summary,"$1,117,659",gold,"2,832",597,/yat/sales,985
150,/degenz,https://d1nht67oz99wd1.cloudfront.net/resized/degenz_resized.jpg,Degenz,Ethereum,339.2074 ETH,/degenz/sales/summary,"$1,059,514",gold,"1,368","1,270",/degenz/sales,"3,769"
151,/yoshi-drops,https://d1nht67oz99wd1.cloudfront.net/resized/yoshidrops_resized.jpg,Yoshi Drops,WAX,"7,654,120 WAX",/yoshi-drops/sales/summary,"$1,047,266",gold,"348,142","8,929",/yoshi-drops/sales,"316,830"
152,/the-uplift-world,https://d1nht67oz99wd1.cloudfront.net/resized/the-uplift-world_resized.png,The Uplift World,WAX,"4,867,692 WAX",/the-uplift-world/sales/summary,"$1,035,804",gold,"1,166",951,/the-uplift-world/sales,"3,134"
153,/galactic-secret-agency,https://d1nht67oz99wd1.cloudfront.net/resized/galactic-secret-agency_resized.png,Galactic Secret Agency,Ethereum,406.3832 ETH,/galactic-secret-agency/sales/summary,"$1,001,281",gold,"2,468","2,206",/galactic-secret-agency/sales,"5,304"
154,/blockchain-heroes,https://d1nht67oz99wd1.cloudfront.net/resized/blockchain-heroes-logo_resized.png,Blockchain Heroes,WAX,"16,406,646 WAX",/blockchain-heroes/sales/summary,"$1,001,074",gold,"11,826","4,912",/blockchain-heroes/sales,"132,044"
155,/divine-order,https://d1nht67oz99wd1.cloudfront.net/resized/the-divine-order-of-the-zodiac_resized.png,Divine Order,Ethereum,410.1887 ETH,/divine-order/sales/summary,"$980,940",gold,"2,749","1,762",/divine-order/sales,"5,082"
156,/boring-bananas-co,https://d1nht67oz99wd1.cloudfront.net/resized/boring-bananas_resized.jpg,Boring Bananas Co,Ethereum,330.6124 ETH,/boring-bananas-co/sales/summary,"$979,697",gold,"2,141","2,303",/boring-bananas-co/sales,"7,322"
157,/sewer-rat-social-club,https://d1nht67oz99wd1.cloudfront.net/resized/sewer-rat-social-club_resized.png,Sewer Rat Social Club,Ethereum,343.0702 ETH,/sewer-rat-social-club/sales/summary,"$938,157",gold,"2,213","1,713",/sewer-rat-social-club/sales,"4,401"
158,/cryptophunks,https://cryptoslam-token-images.s3.amazonaws.com/icons/cryptophunks.ico,Cryptophunks,Ethereum,440.3894 ETH,/cryptophunks/sales/summary,"$914,152",gold,"1,597",876,/cryptophunks/sales,"3,299"
159,/untamed-elephants,https://d1nht67oz99wd1.cloudfront.net/resized/untamed-elephants_resized.png,Untamed Elephants,Ethereum,333.5766 ETH,/untamed-elephants/sales/summary,"$902,371",gold,"2,810","1,874",/untamed-elephants/sales,"3,987"
160,/nice-drips,https://d1nht67oz99wd1.cloudfront.net/resized/nice-drips_resized.webp,Nice Drips,Ethereum,294.3668 ETH,/nice-drips/sales/summary,"$873,794",gold,"2,844","2,153",/nice-drips/sales,"4,934"
161,/kenn-bosak,https://d1nht67oz99wd1.cloudfront.net/resized/kenn-bosak_resized.jpg,Kenn Bosak,WAX,"4,679,997 WAX",/kenn-bosak/sales/summary,"$820,843",gold,"9,080","7,445",/kenn-bosak/sales,"75,359"
162,/the-wolf-gang,https://cryptoslam-token-images.s3.amazonaws.com/icons/wolfgang.png,The Wolf Gang,Ethereum,268.3655 ETH,/the-wolf-gang/sales/summary,"$796,779",gold,"3,187","2,433",/the-wolf-gang/sales,"4,690"
163,/reb3l-bots,https://d1nht67oz99wd1.cloudfront.net/reb3l-bots.png,Reb3l Bots,Ethereum,255.8653 ETH,/reb3l-bots/sales/summary,"$784,670",gold,"2,448","1,609",/reb3l-bots/sales,"3,683"
164,/the-kitty-butts,https://cryptoslam-token-images.s3.amazonaws.com/icons/the-kitty-butts.jpg,The Kitty Butts,Ethereum,254.0607 ETH,/the-kitty-butts/sales/summary,"$759,826",gold,"2,533","1,886",/the-kitty-butts/sales,"4,979"
165,/goblin-goons,https://d1nht67oz99wd1.cloudfront.net/resized/goblin-goons_resized.jpg,Goblin Goons,Ethereum,327.6879 ETH,/goblin-goons/sales/summary,"$733,498",gold,"1,320","1,498",/goblin-goons/sales,"4,556"
166,/realfevr,https://cryptoslam-token-images.s3.amazonaws.com/icons/realfevr.png,RealFevr,BSC,"1,458.15 BNB",/realfevr/sales/summary,"$668,728",gold,"1,725",542,/realfevr/sales,"6,968"
167,/gnome-series,https://cryptoslam-token-images.s3.amazonaws.com/gnome-series.png,Gnome Series,WAX,"4,124,299 WAX",/gnome-series/sales/summary,"$653,373",gold,"18,684","6,479",/gnome-series/sales,"155,392"
168,/upland-collectibles,https://d1nht67oz99wd1.cloudfront.net/resized/upland-collectibles_resized.png,Upland Collectibles,WAX,"2,878,998 WAX",/upland-collectibles/sales/summary,"$612,291",gold,"11,309","5,051",/upland-collectibles/sales,"78,907"
169,,https://cryptoslam-token-images.s3.amazonaws.com/icons/pixel-apes.png,Pixel Apes,Ethereum,190.2739 ETH,/pixel-apes/sales/summary,"$600,771",gold,"1,061",689,/pixel-apes/sales,"1,598"
170,/hash-demons,https://d1nht67oz99wd1.cloudfront.net/resized/hash-demons_resized.ico,Hash Demons,Ethereum,258.4110 ETH,/hash-demons/sales/summary,"$570,698",gold,"1,525","1,372",/hash-demons/sales,"3,762"
171,/godzilla,https://d1nht67oz99wd1.cloudfront.net/resized/godzilla_resized.png,Godzilla,WAX,"1,998,785 WAX",/godzilla/sales/summary,"$534,639",gold,"6,729","3,608",/godzilla/sales,"63,908"
172,/gorilla-nemesis,https://d1nht67oz99wd1.cloudfront.net/resized/gorilla-nemesis_resized.jpg,Gorilla Nemesis,Ethereum,206.3849 ETH,/gorilla-nemesis/sales/summary,"$528,013",gold,"1,061",854,/gorilla-nemesis/sales,"2,565"
173,/tribal-books,https://d1nht67oz99wd1.cloudfront.net/resized/tribal-books-logo_resized.png,Tribal Books,WAX,"3,917,379 WAX",/tribal-books/sales/summary,"$507,815",gold,"1,990","1,225",/tribal-books/sales,"9,031"
174,/revv-racing,https://d1nht67oz99wd1.cloudfront.net/resized/revv-racing_resized.png,REVV Racing,Polygon,"385,607.32 MATIC",/revv-racing/sales/summary,"$485,638",gold,"18,286","4,916",/revv-racing/sales,"10,321"
175,/mad-cat-militia,https://d1nht67oz99wd1.cloudfront.net/resized/mad-cat-militia_resized.png,Mad Cat Militia,Ethereum,214.4002 ETH,/mad-cat-militia/sales/summary,"$476,297",gold,"2,111","1,003",/mad-cat-militia/sales,"2,662"
176,/procedural-space,https://cryptoslam-token-images.s3.amazonaws.com/icons/procedural-space.ico,Procedural Space,Ethereum,146.1753 ETH,/procedural-space/sales/summary,"$459,795",gold,"1,409",587,/procedural-space/sales,"1,553"
177,/cartombs,https://d1nht67oz99wd1.cloudfront.net/resized/cartombs_resized.png,Cartombs,WAX,"1,879,113 WAX",/cartombs/sales/summary,"$453,252",gold,"25,957","4,594",/cartombs/sales,"78,514"
178,/mutant-warriors,https://d1nht67oz99wd1.cloudfront.net/resized/mutant-warriors-logo_resized.png,Mutant Warriors,WAX,"2,740,711 WAX",/mutant-warriors/sales/summary,"$430,293",gold,"14,189","3,845",/mutant-warriors/sales,"65,924"
179,/bitverse-comics,https://d1nht67oz99wd1.cloudfront.net/resized/bitverse_resized.png,Bitverse Comics,WAX,"2,410,016 WAX",/bitverse-comics/sales/summary,"$429,239",gold,"13,850","8,061",/bitverse-comics/sales,"76,139"
180,/land-vault,https://d1nht67oz99wd1.cloudfront.net/resized/land-vault_resized.jpg,Land Vault,Ethereum,137.7512 ETH,/land-vault/sales/summary,"$376,271",gold,,88,/land-vault/sales,197
181,/robotech,https://cryptoslam-token-images.s3.amazonaws.com/robotech.png,Robotech,WAX,"2,712,580 WAX",/robotech/sales/summary,"$367,254",gold,"25,412","8,641",/robotech/sales,"113,003"
182,/eternal,https://d1nht67oz99wd1.cloudfront.net/resized/eternal-logo-2_resized.png,Eternal,Flow,"346,966.90 USD",/eternal/sales/summary,"$346,967",gold,"2,173",579,/eternal/sales,"14,999"
183,/train-of-the-century,https://d1nht67oz99wd1.cloudfront.net/resized/train-of-the-century_resized.webp,Train of the Century,WAX,"1,813,460 WAX",/train-of-the-century/sales/summary,"$346,336",gold,"1,979","1,714",/train-of-the-century/sales,"13,797"
184,/cryptomonkeys,https://d1nht67oz99wd1.cloudfront.net/resized/cryptomonkeys-logo_resized.png,CryptomonKeys,WAX,"2,223,939 WAX",/cryptomonkeys/sales/summary,"$294,177",gold,"14,939","2,634",/cryptomonkeys/sales,"35,159"
185,/bravefrontierheroes,https://d1nht67oz99wd1.cloudfront.net/resized/bfh-logo_resized.png,BraveFrontierHeroes,Ethereum,"1,286.7583 ETH",/bravefrontierheroes/sales/summary,"$291,101",gold,"2,050",826,/bravefrontierheroes/sales,"5,235"
186,/void-elementals,https://d1nht67oz99wd1.cloudfront.net/resized/void-elementals_resized.png,Void Elementals,WAX,"1,967,290 WAX",/void-elementals/sales/summary,"$289,532",gold,"10,596","1,898",/void-elementals/sales,"19,552"
187,/reckless-whales,https://d1nht67oz99wd1.cloudfront.net/resized/reckless-whales_resized.png,Reckless Whales,Ethereum,144.7575 ETH,/reckless-whales/sales/summary,"$285,289",gold,"2,015","1,424",/reckless-whales/sales,"3,611"
188,/weezer,https://d1nht67oz99wd1.cloudfront.net/weezer.jpeg,Weezer,WAX,"1,172,069 WAX",/weezer/sales/summary,"$281,863",gold,"10,493","4,941",/weezer/sales,"32,771"
189,/dust,https://d1nht67oz99wd1.cloudfront.net/resized/dust_resized.png,Dust,WAX,"1,352,908 WAX",/dust/sales/summary,"$259,642",gold,288,285,/dust/sales,"1,229"
190,/upliftart,https://d1nht67oz99wd1.cloudfront.net/resized/uplift-art-logo_resized.png,UpliftArt,WAX,"3,459,257 WAX",/upliftart/sales/summary,"$253,969",gold,"3,274","2,298",/upliftart/sales,"17,462"
191,/shatner,https://d1nht67oz99wd1.cloudfront.net/resized/shatner-logo_resized.png,Shatner,WAX,"4,672,540 WAX",/shatner/sales/summary,"$243,875",gold,835,726,/shatner/sales,"27,846"
192,/reddit-cryptosnoos,https://d1nht67oz99wd1.cloudfront.net/resized/reddit-cryptosnoos_resized.png,Reddit Cryptosnoos,Ethereum,70.0000 ETH,/reddit-cryptosnoos/sales/summary,"$217,960",gold,4,1,/reddit-cryptosnoos/sales,1
193,/atari,https://d1nht67oz99wd1.cloudfront.net/resized/atari-logo_resized.png,Atari,WAX,"2,702,269 WAX",/atari/sales/summary,"$207,555",gold,"2,302","1,978",/atari/sales,"30,016"
194,/exit-limbo,https://d1nht67oz99wd1.cloudfront.net/resized/exit-limbo_resized.png,Exit Limbo,WAX,"1,008,045 WAX",/exit-limbo/sales/summary,"$196,112",gold,"6,637","3,461",/exit-limbo/sales,"27,781"
195,/degens-farm,https://d1nht67oz99wd1.cloudfront.net/resized/degenz-farms_resized.png,Degens Farm,Ethereum,77.0056 ETH,/degens-farm/sales/summary,"$193,631",gold,193,64,/degens-farm/sales,174
196,/monsters-of-rap,https://d1nht67oz99wd1.cloudfront.net/resized/monsters-of-rap-logo_resized.png,Monsters of Rap,WAX,"1,421,897 WAX",/monsters-of-rap/sales/summary,"$173,600",gold,"22,175","3,634",/monsters-of-rap/sales,"44,753"
197,/nfft,https://d1nht67oz99wd1.cloudfront.net/resized/nfft_resized.png,Nfft,Ethereum,73.6617 ETH,/nfft/sales/summary,"$169,836",gold,718,88,/nfft/sales,218
198,/leonard-nimoy,https://d1nht67oz99wd1.cloudfront.net/resized/leonard-nimoy-logo_resized.png,Leonard Nimoy,WAX,"715,024 WAX",/leonard-nimoy/sales/summary,"$166,934",gold,"13,036","1,948",/leonard-nimoy/sales,"41,317"
199,/gopepe,https://d1nht67oz99wd1.cloudfront.net/resized/gopepe-logo_resized.png,GoPepe,WAX,"3,536,274 WAX",/gopepe/sales/summary,"$162,255",gold,"5,649","1,998",/gopepe/sales,"49,132"
200,/player-tokens,https://d1nht67oz99wd1.cloudfront.net/resized/player-tokens-logo_resized.png,Player Tokens,Ethereum,52.2057 ETH,/player-tokens/sales/summary,"$162,112",gold,291,259,/player-tokens/sales,"1,124"
201,/bitcoin-elite,https://d1nht67oz99wd1.cloudfront.net/resized/bitcoinelite-logo_resized.png,Bitcoin Elite,WAX,"1,206,741 WAX",/bitcoin-elite/sales/summary,"$153,318",gold,"6,579","3,035",/bitcoin-elite/sales,"13,974"
202,/deadmau5,https://d1nht67oz99wd1.cloudfront.net/resized/deadmau5-logo_resized.png,deadmau5,WAX,"2,418,654 WAX",/deadmau5/sales/summary,"$153,000",gold,"4,287","1,714",/deadmau5/sales,"15,671"
203,/dark-pinup,https://d1nht67oz99wd1.cloudfront.net/resized/dark-pinup_resized.png,Dark Pinup,WAX,"1,030,669 WAX",/dark-pinup/sales/summary,"$150,646",gold,"12,104","2,517",/dark-pinup/sales,"39,199"
204,/inverted-ape-club,https://cryptoslam-token-images.s3.amazonaws.com/icons/inverted-ape-club.png,Inverted Ape Club,Ethereum,50.7892 ETH,/inverted-ape-club/sales/summary,"$150,629",gold,919,245,/inverted-ape-club/sales,593
205,,https://cryptoslam-token-images.s3.amazonaws.com/icons/rogue.png,ClashDome,WAX,"1,018,462 WAX",/clashdome/sales/summary,"$148,687",gold,"2,005",301,/clashdome/sales,672
206,/nifty-wizards,https://d1nht67oz99wd1.cloudfront.net/resized/nifty-wizards-logo_resized.webp,Nifty Wizards,WAX,"2,023,682 WAX",/nifty-wizards/sales/summary,"$139,269",gold,"3,702","1,475",/nifty-wizards/sales,"11,477"
207,/nft-draft,https://d1nht67oz99wd1.cloudfront.net/nft-draft.png,Nft Draft,WAX,"624,663 WAX",/nft-draft/sales/summary,"$116,129",gold,"2,707","1,111",/nft-draft/sales,"26,902"
208,/stryking,https://d1nht67oz99wd1.cloudfront.net/resized/stryking-logo_resized.png,Stryking,Ethereum,781.8803 ETH,/stryking/sales/summary,"$113,900",gold,26,30,/stryking/sales,91
209,/rabbit-college-club,https://d1nht67oz99wd1.cloudfront.net/resized/rabbit-college-club_resized.ico,Rabbit College Club,Ethereum,41.5360 ETH,/rabbit-college-club/sales/summary,"$113,566",gold,"2,063",858,/rabbit-college-club/sales,"1,694"
210,,https://cryptoslam-token-images.s3.amazonaws.com/icons/rogue.png,Nft Stonkers,WAX,"668,550 WAX",/nft-stonkers/sales/summary,"$98,501",gold,"3,801","1,400",/nft-stonkers/sales,"9,511"
211,/ultra-rare,https://d1nht67oz99wd1.cloudfront.net/resized/ultra-rare_resized.png,Ultra Rare,WAX,"530,147 WAX",/ultra-rare/sales/summary,"$83,081",gold,"7,418","3,262",/ultra-rare/sales,"31,966"
212,/muhammad-ali,https://d1nht67oz99wd1.cloudfront.net/muhammad-ali.png,Muhammad Ali,WAX,"435,220 WAX",/muhammad-ali/sales/summary,"$81,032",gold,"20,667","2,351",/muhammad-ali/sales,"20,604"
213,/bud-farm,https://d1nht67oz99wd1.cloudfront.net/resized/budfarm_resized.png,Bud Farm,WAX,"488,388 WAX",/bud-farm/sales/summary,"$79,986",gold,"4,897","5,220",/bud-farm/sales,"34,473"
214,/writer,https://d1nht67oz99wd1.cloudfront.net/crypto-writer.png,Writer,WAX,"268,085 WAX",/writer/sales/summary,"$68,614",gold,"1,101",471,/writer/sales,"7,217"
215,/the-chronicles-of-dr-zammsy,https://d1nht67oz99wd1.cloudfront.net/the-chronicles-of-dr-zammsy.png,The Chronicles Of Dr Zammsy,WAX,"360,275 WAX",/the-chronicles-of-dr-zammsy/sales/summary,"$64,285",gold,"2,659",941,/the-chronicles-of-dr-zammsy/sales,"9,140"
216,/imposter-punks,https://cryptoslam-token-images.s3.amazonaws.com/icons/imposter-punks.png,Imposter Punks,WAX,"525,698 WAX",/imposter-punks/sales/summary,"$62,503",gold,"1,078",452,/imposter-punks/sales,"2,624"
217,/the-nifty-shop,https://d1nht67oz99wd1.cloudfront.net/resized/theniftyshop-logo_resized.png,The Nifty Shop,WAX,"568,053 WAX",/the-nifty-shop/sales/summary,"$57,660",gold,"10,682",605,/the-nifty-shop/sales,"2,511"
218,/tales-of-the-crypto,https://d1nht67oz99wd1.cloudfront.net/resized/tales-of-the-crypto_resized.jpg,Tales Of The Crypto,WAX,"418,251 WAX",/tales-of-the-crypto/sales/summary,"$55,500",gold,"2,121","1,560",/tales-of-the-crypto/sales,"14,496"
219,/alpaca-worlds,https://d1nht67oz99wd1.cloudfront.net/resized/alpaca-worlds_resized.png,Alpaca Worlds,WAX,"355,900 WAX",/alpaca-worlds/sales/summary,"$53,052",gold,"4,313","1,276",/alpaca-worlds/sales,"11,965"
220,/boysterous,https://d1nht67oz99wd1.cloudfront.net/resized/boysterous_resized.jpg,Boysterous,WAX,"371,496 WAX",/boysterous/sales/summary,"$50,584",gold,"6,685","1,013",/boysterous/sales,"9,774"
221,/luna-park,https://d1nht67oz99wd1.cloudfront.net/resized/luna-park_resized.png,Luna Park,WAX,"427,062 WAX",/luna-park/sales/summary,"$47,919",gold,"10,659","1,816",/luna-park/sales,"35,717"
222,/space-shibas,https://d1nht67oz99wd1.cloudfront.net/space-shibas.png,Space Shibas,Ethereum,17.6090 ETH,/space-shibas/sales/summary,"$45,971",gold,512,133,/space-shibas/sales,269
223,/motogp,https://d1nht67oz99wd1.cloudfront.net/resized/motogp-logo_resized.png,Motogp,Flow,"43,574.92 USD",/motogp/sales/summary,"$43,673",gold,"4,603",246,/motogp/sales,710
224,,https://cryptoslam-token-images.s3.amazonaws.com/icons/villa-paris.png,Villa Devendome Paris ELK,Ethereum,12.2749 ETH,/villa-devendome-paris-elk/sales/summary,"$40,448",gold,359,77,/villa-devendome-paris-elk/sales,150
225,/etherworlds,https://d1nht67oz99wd1.cloudfront.net/resized/etherworlds_resized.png,Etherworlds,Ethereum,15.3995 ETH,/etherworlds/sales/summary,"$38,621",gold,79,38,/etherworlds/sales,81
226,/in-the-moment,https://d1nht67oz99wd1.cloudfront.net/resized/in-the-moment-with-anthony-geathers_resized.png,In The Moment,WAX,"200,791 WAX",/in-the-moment/sales/summary,"$31,685",gold,753,412,/in-the-moment/sales,"2,662"
227,/crypto-twerpz,https://d1nht67oz99wd1.cloudfront.net/resized/cryptotwerpz-logo_resized.png,Crypto Twerpz,WAX,"641,358 WAX",/crypto-twerpz/sales/summary,"$29,452",gold,"1,538",235,/crypto-twerpz/sales,"2,933"
228,/dappradar-onessus,https://d1nht67oz99wd1.cloudfront.net/resized/dappradar-onessus-_resized.png,Dappradar Onessus,WAX,"105,616 WAX",/dappradar-onessus/sales/summary,"$22,683",gold,"4,409",340,/dappradar-onessus/sales,"4,090"
229,/box-maze,https://d1nht67oz99wd1.cloudfront.net/box-maze.jpeg,Box Maze,WAX,"173,086 WAX",/box-maze/sales/summary,"$20,207",gold,"3,152",650,/box-maze/sales,"10,203"
230,/bratz,https://d1nht67oz99wd1.cloudfront.net/resized/bratz-logo_resized.png,Bratz,WAX,"311,667 WAX",/bratz/sales/summary,"$19,590",gold,240,121,/bratz/sales,450
231,/armies-of-power,https://d1nht67oz99wd1.cloudfront.net/resized/armies-of-power_resized.png,Armies Of Power,WAX,"110,078 WAX",/armies-of-power/sales/summary,"$18,557",gold,"2,573","1,355",/armies-of-power/sales,"25,449"
232,/the-world-of-botanica,https://d1nht67oz99wd1.cloudfront.net/resized/twob-logo_resized.png,The World of Botanica,WAX,"219,035 WAX",/the-world-of-botanica/sales/summary,"$14,000",gold,"4,170",762,/the-world-of-botanica/sales,"8,922"
233,/monkey-bytes,https://d1nht67oz99wd1.cloudfront.net/resized/monkey-bytes_resized.jpg,Monkey Bytes,Ethereum,4.6200 ETH,/monkey-bytes/sales/summary,"$10,904",gold,7,6,/monkey-bytes/sales,6
234,/vancity-outbreak,https://d1nht67oz99wd1.cloudfront.net/resized/vancity-logo_resized.png,VanCity Outbreak,WAX,"203,450 WAX",/vancity-outbreak/sales/summary,"$9,145",gold,"1,483",550,/vancity-outbreak/sales,"11,744"
235,/skullz,https://d1nht67oz99wd1.cloudfront.net/resized/skullz_resized.png,Skullz,WAX,"53,844 WAX",/skullz/sales/summary,"$7,775",gold,"8,507",547,/skullz/sales,"3,579"
236,/pepe.hero,https://d1nht67oz99wd1.cloudfront.net/resized/pepehero-logo_resized.png,Pepe.Hero,WAX,"87,171 WAX",/pepe.hero/sales/summary,"$7,349",gold,"1,550",673,/pepe.hero/sales,"5,688"
237,/rebel-rabbits,https://d1nht67oz99wd1.cloudfront.net/rebel-rabbits.jpeg,Rebel Rabbits,WAX,"56,627 WAX",/rebel-rabbits/sales/summary,"$5,796",gold,359,201,/rebel-rabbits/sales,851
238,/nft-hype-album,https://d1nht67oz99wd1.cloudfront.net/resized/nfthypealbum_resized.png,NFT Hype Album,WAX,"159,870 WAX",/nft-hype-album/sales/summary,"$5,794",gold,76,40,/nft-hype-album/sales,128
239,/niftycards,https://d1nht67oz99wd1.cloudfront.net/resized/niftycards-logo_resized.png,NiftyCards,WAX,"81,406 WAX",/niftycards/sales/summary,"$5,766",gold,992,297,/niftycards/sales,"1,314"
240,/hotcakes,https://d1nht67oz99wd1.cloudfront.net/resized/hotcakesdrop-logo_resized.png,hotcakes,WAX,"120,610 WAX",/hotcakes/sales/summary,"$4,985",gold,755,279,/hotcakes/sales,"2,452"
241,/bitcoin-babes,https://d1nht67oz99wd1.cloudfront.net/resized/bitcoin-babes_resized.png,Bitcoin Babes,WAX,"7,774 WAX",/bitcoin-babes/sales/summary,"$1,549",gold,"3,372",281,/bitcoin-babes/sales,774
242,/old-world-money,https://d1nht67oz99wd1.cloudfront.net/resized/old-world-money_resized.png,Old World Money,WAX,"7,499 WAX",/old-world-money/sales/summary,"$1,071",gold,"2,137",517,/old-world-money/sales,"3,271"
