rank,product_image,product_name,product_collection,date,price
1,https://lh3.googleusercontent.com/uxxL5FwZ54DvyGy8w8E5CIIilDr7OdCI4iJuwfqUIROWSaQ5jQYToFBvdK4iPdpvagfyiQlXbBMv2ugbIWwSKchcMPUKg_zDBdUTidg=s128,CyberKong #542,CyberKongz,11 days ago,$291k
2,https://lh3.googleusercontent.com/mEK-TdSzuNwraElQNUQyuAil4TMGoj6hD44-OdrdoLUMPfgOEGoPrMWDw8ZJrkyKN3_PSot_VZh7vBeZCmZkksnI7Ut9fiEjln21=s128,CyberKong #941,CyberKongz,3 days ago,$223k
3,https://lh3.googleusercontent.com/xFXa89MePVYwBC7AvWrA3iu9l3FvBLS0QIreEDl4WabdxFp1SFaXYHI7MLG3Xk4EpwCLYUbF0-tWXRiuFCgx6wi-nlSphqhP7lOsPA=s128,CyberKong #53,CyberKongz,1 day ago,$203k
4,https://lh3.googleusercontent.com/_VPTbHEhXseGcwZFi99uk3WVOPM8nKBckcxw_8TJb9pxIaTgI299QyzWVbR_dunC4YNvgH6sAjPBFToSlS7KCOECny91AqwzQCI1HA=s128,CyberKong #191,CyberKongz,about 3 hours ago,$194k
5,https://lh3.googleusercontent.com/V-I56RN4sGdhJP0xMwI_bKW2ByF6TGfeLtHHnmoqPn1JAbFyZh0C-zCXfUzvUEU1J5ADWrUmCfQxAZbTfUCXiFzmNuJm6szP_M56Hg=s128,CyberKong #362,CyberKongz,1 day ago,$192k
6,https://lh3.googleusercontent.com/1QidaU_-YWY1k14b_VNC6cTl8o2BoWQKKp1Pr0sZ14skuMR8NwUVhY30CXbdpRJ2Zy4xER_hWvOIlILWRLe4lskWfKjBzZrROp6scA=s128,CyberKong #992,CyberKongz,3 days ago,$191k
7,https://lh3.googleusercontent.com/_VPTbHEhXseGcwZFi99uk3WVOPM8nKBckcxw_8TJb9pxIaTgI299QyzWVbR_dunC4YNvgH6sAjPBFToSlS7KCOECny91AqwzQCI1HA=s128,CyberKong #191,CyberKongz,1 day ago,$186k
8,https://lh3.googleusercontent.com/e4srKmgQPXEyZkA9x0QV9wLoqhTFsUncpOr2uvBaDd23RVZ2z0gMuVt7FjYzeDYjDGJzMflrhq5YUgzRgkYuKqVKuS7QDzBbSE8W=s128,CyberKong #780,CyberKongz,1 day ago,$185k
9,https://lh3.googleusercontent.com/WkG1VDaf6hIzKGTLnnFs_4htof7sg9pQuH2HAUkP-Lnj738-UYozwktPXXhmV6xgruO_KpP4BL7Owdp34A5iRL0d6CdNdHTwb2mAg6g=s128,CyberKong #322,CyberKongz,1 day ago,$181k
10,https://lh3.googleusercontent.com/94s2rvnmCfi8euD8_3VFw4IDWLkeqqUAx2V55RtZmNpGFpn6euOd1JN2XovXcdXYZN8tLkB5Z1vaPA5ezHW3yu_NyhAV1uLqgrlOyw=s128,CyberKong #632,CyberKongz,8 days ago,$177k
11,https://lh3.googleusercontent.com/ryuij0Ax1_jvyBngi_8OvGbCyQvqCb4S3qRy-dXDJvAdRao9K2rDif_ATrC8OOC_X1hJyrAWf6TTyBrBOwlyQqFx-gJUmWzwHiv-nA=s128,CyberKong #51,CyberKongz,1 day ago,$176k
12,https://lh3.googleusercontent.com/wLVRXsW6v4mg-WFKP9YZ-dywclnO9FhNVCVAOa552dlvmXvBMvv2OipoKNkwrUd1ka_a8KaSI2ETm6xcPBxhyxJ_uwgIatBhQXJZgQ=s128,CyberKong #896,CyberKongz,2 days ago,$172k
13,https://lh3.googleusercontent.com/mlpv2S4l2-Azmofee5h5CCs1nmA2CEX4OkEdYRG-OpLa2ONZwqt-gzLObK3zn0_5sJUjQiZGcwIzIAp7sY5uPA1kQ1FrJYRn88vWAw=s128,CyberKong #236,CyberKongz,18 days ago,$171k
14,https://lh3.googleusercontent.com/Q21qaJvQaUYUMLzfoNcOJMsqe4D7FwLfhj8MQdN7SF0FhXDqtpbTL-lqoRi8IAIvXsNTG0D2cknbgJeeTFHg1Jdchu3-VEDKyaxnOQ=s128,CyberKong #622,CyberKongz,7 days ago,$171k
15,https://lh3.googleusercontent.com/X25Xr88i7x4dMYKpE7vo8xSpzCMFOUV6htHjbUBa9kJxLTjyPqBKqNUGhkmE_l3E-GojlU7pijqmIhAmE6COLSHJyd1Iyiez4J0v=s128,CyberKong #669,CyberKongz,8 days ago,$169k
16,https://lh3.googleusercontent.com/ypZGnXaF3W9Ijm_1rPHGT7-T3HZjVIM0Aj92XOr52TabGE1vzFwatOECA3vjHxTWSRgQPr0b_Pei9Szl9QBjqBQd9vZimmORlBJirQ=s128,CyberKong #52,CyberKongz,4 days ago,$169k
17,https://lh3.googleusercontent.com/xwwW-ci8ph_-K4blU4ObRnC2lvrFXqCkoSC7b3J-zgaz62eMdoLkCi0rXZs5kTnD0uuDe5N2qA1aSpFKK1snRzmUXjqvIf7K0BUw=s128,CyberKong #346,CyberKongz,3 days ago,$166k
18,https://lh3.googleusercontent.com/WveKE1vkrAISTgYqNU_pndmIvgt5wIzaair83qB3XhyyOETDczeiWnEidYt28TRZJwOWQwv3_5AqCuPZnPHnk4ssKsTyYPoyexiluMY=s128,CyberKong #479,CyberKongz,4 days ago,$166k
19,https://lh3.googleusercontent.com/ryuij0Ax1_jvyBngi_8OvGbCyQvqCb4S3qRy-dXDJvAdRao9K2rDif_ATrC8OOC_X1hJyrAWf6TTyBrBOwlyQqFx-gJUmWzwHiv-nA=s128,CyberKong #51,CyberKongz,19 days ago,$165k
20,https://lh3.googleusercontent.com/NWVyx54B6DLaigAsxoUsC3lCGnH3L1Mh55WRJpjUJHuwEsTm7YV2_5EzCfOmnVsfjdR_4fkPxxwPKr4YxOQyF4e7VGetMLkJbvF1_JU=s128,CyberKong #159,CyberKongz,3 days ago,$165k
21,https://lh3.googleusercontent.com/gqpDeIAWGg2r9FwBDTYMGoBpWDKCnNdCwo1yjoxGndf9K-Tes7BcHkUgDTr4T9mDdFplv53eB40lrSISHSkHq4UJ7kLFzEK-0P4K=s128,CyberKong #374,CyberKongz,2 days ago,$163k
22,https://lh3.googleusercontent.com/gEqxbNDqV92HqbEvG2KTn3HqrcHWjNigXhudNahVj5pIztWZ3pXkFkq5xVXZ0mFl710wjIg2PfrRcAV6L_C-CadxaGuvVuw32quEr_4=s128,CyberKong #213,CyberKongz,2 days ago,$163k
23,https://lh3.googleusercontent.com/YN-4Bfef-y3rm6rbYg18Ycv-O8ZoQ7WnSZ_UEOr3o1iIn8TBDVTdYM6qDH8JSykuDGYMdm0Nr3QOjEoLbWH8c9gb49aDDHgQI95V=s128,CyberKong #86,CyberKongz,18 days ago,$163k
24,https://lh3.googleusercontent.com/i-hsloLyI2Y6TEUy697lKlbjikoQS3choHbBEjFToRpAajENVO7R4Nttfww-3OWqvPPGlu-AKeuGiU42OTkIRknd33qZE6p1MSs=s128,CyberKong #260,CyberKongz,7 days ago,$163k
25,https://lh3.googleusercontent.com/Mtyl8CnW5yWm4I-WNYfyLzDfwk-x-dFxKOZhdfXtS_i0QezW7GaM58w91cJ_15rlrby3hnR96zd1PMSTC8XAIB2PP-eFjpzTBRo9=s128,CyberKong #750,CyberKongz,1 day ago,$163k
26,https://lh3.googleusercontent.com/xuFRacUqoA4aZbArfZ515xSgEDiRw8vr_uNcvVJHoohG-4-_OYnX8s279TAi7HwGO0Xptgfo9eESBrYDwwonqYqHpiqrmqaFMSBd4Q=s128,CyberKong #978,CyberKongz,3 days ago,$162k
27,https://lh3.googleusercontent.com/3E_Lf8tbJfcwU77UhbSzO0cS0kUoAo27lQR4gYWK90Lybx7llUw2QiRmqtdpIYlIcJOeuBtAG0GAvMRSoEKzaiWuaRIwB2gOLh8W=s128,CyberKong #442,CyberKongz,19 days ago,$162k
28,https://lh3.googleusercontent.com/e_2c_Mb4-YSYXb-4GvbeV4Su3sT2DjZeTMX66VtOKs45PcimSKWP7UW9OqfRY2IsMS9AOwzWH6jJr90HTKLcuwcex-pf4ERGHVhPbA=s128,CyberKong #202,CyberKongz,7 days ago,$161k
29,https://lh3.googleusercontent.com/WOWHCxAeNWQDAzmywOAzF5rGwtBipErW8lLwi_26r38FVc2buRqPzv2WGWtAZ5lkpYfaJCzWauv4C3mzLZ9RAjGLq4xSKtKmJ8VmST0=s128,CyberKong #482,CyberKongz,6 days ago,$161k
30,https://lh3.googleusercontent.com/Y0JRmJokLs-FTJK1Feh5L1j0-lajfpgQY9IbhrvZrG8LXbdUu_4eYn-Eul-lHaWpklbZhc7Rzo2VRj0JQpc8CwO61dDAgjAlhunJ=s128,Gussy #453,CyberKongz,9 days ago,$161k
31,https://lh3.googleusercontent.com/Kh2zWuWq9kznKCBE2zSw9J0vtPafwkE0a1qrwc8gH0cbuPgnoMnRysXDR5944OVVh8Sv2YUNvo-VeSMGpl40FP9c2X_ZR8Lckc6F=s128,CyberKong #399,CyberKongz,4 days ago,$161k
32,https://lh3.googleusercontent.com/b0OBlHxiBsmc7sZPgw3korXaQhQ3ClqmK6uryQUBKjfGyd2RyiKl_5ko0CV0AqUvbV-ahXMxC9MvoxffJBxJa8Nj9WUvWUzp6_L7m1w=s128,CyberKong #179,CyberKongz,17 days ago,$160k
33,https://lh3.googleusercontent.com/7diwl0BYyxEjhxAd8L5yOX9e1bDaBhIkCWfxO7sVrLMG2dBHgUyWZ3PeKmk3vkfReoe-9_EmUYDSDf8rSobDd4n9h5QYQzlFZQiQCQ=s128,CyberKong #597,CyberKongz,19 days ago,$159k
34,https://lh3.googleusercontent.com/yFhvWe05du_zbr8R-MAnvxnn-3LbsdL4zSZotUg-ep3fXxExCU8zvMp52trMw-JYGohOAPSpsD7vv7e6WSWVCm70w18iG5kI_F8XHDM=s128,CyberKong #561,CyberKongz,3 days ago,$156k
35,https://lh3.googleusercontent.com/XTEZk4SGmBWR-ilnqvxPkLYGbJLiLPF_MJUWm5oJBZKyrPR3cTWqpzeNkaQaS-rPvc3f6rL0Jb3ADfMe6I1MJXjrFDHrNf2PUp13lQ=s128,CyberKong #165,CyberKongz,4 days ago,$156k
36,https://lh3.googleusercontent.com/TjXb8QKSqGxBCk1Y_4dELDAcrrOmQxRzvOs3NR9JOhe4sOI2IAYD58IS_SiJaRFJtUAVRghXlGYC7zT_dGaR1G7W-5idAa3c273P=s128,CyberKong #826,CyberKongz,18 days ago,$156k
37,https://lh3.googleusercontent.com/CNa2Ep5tdkKgUAFi76Phf6CAJKPtkIUMoen-69QrbN5Hw77ygeKDeoS2ilYlIH6um31R0UAQ-AGz8NbwM6qrd45vIW-xJdZByFYI=s128,CyberKong #758,CyberKongz,9 days ago,$156k
38,https://lh3.googleusercontent.com/y5NiwR_KT62b0vhphFzOg4Loe3F-WX8PugMF9_oUZCy-d9ZSgPDTBBS6jRl-YYI0s5q5q5VMMnUSbE2hd-3ZDpeuGVK3LbfcRlzY=s128,CyberKong #731,CyberKongz,9 days ago,$156k
39,https://lh3.googleusercontent.com/WICyvJsUfPufDctOmFpZBG0q3LDyJYqoCgxpaK2QKf5UArZYnkasunFBgJ8nMc218MNI6GCI4FDqI2Hqv7abNt_9_qgu9A2Mthbv=s128,CyberKong #583,CyberKongz,4 days ago,$155k
40,https://lh3.googleusercontent.com/5ob7vrqIuNuv8gK3rRQNxMydIE_-D-OiBWx0ZYocWluvMRAhs9Xl6Nan-sUg80BwNlozVD_P5Fvx4cU2U0ObdBCfnV4-oJ8U8hR6gw=s128,CyberKong #323,CyberKongz,5 days ago,$155k
41,https://lh3.googleusercontent.com/NOdnpF9fJ-l5UzwMvXuUWHK2slA4-PSyjTKMzkkNyRt9Fue9yU6uL5G2C9rb0cJrPGLG1nUdn2YFGzGRvXGphw219P7lGP2F2Nf1=s128,CyberKong #545,CyberKongz,5 days ago,$155k
42,https://lh3.googleusercontent.com/E92Y2ahR9wAXTOGe2j6IjyGJv0kCzgO4COv0F3sSsNCtfGPpFgfeeMS_6VFgGuxPgVlrxH8Ev1uHUizXNiRl8wPRxXke3yzyislGjg=s128,CyberKong #355,CyberKongz,19 days ago,$154k
43,https://lh3.googleusercontent.com/6N384uT-mcXu6MA6SrY2WLkPLJWIvEpx5nxEcBg9UsCUxFQl7QXnIRA3g-n_Nssrnox7yWERAii84xL9Oe9_JfSa7sRZFwteXagJNw=s128,CyberKong #680,CyberKongz,6 days ago,$153k
44,https://lh3.googleusercontent.com/lPjC6wiHwJ1PLscsOc-m3N2GVJOQlfxGmTY_Cybrajvy3VnFmo8mdhgWy1-iPvuj3FmWsSQGdW1z7SFcCdlU4dAK1h-2mXXqIjagnw=s128,CyberKong #778,CyberKongz,6 days ago,$149k
45,https://lh3.googleusercontent.com/mta-j883h-bpRL_t-VDe11opIfD7HAj6R-SdaUbcOH-K-DoLtq9zW9QQenf7N-YBUSn9Cph94ONGCYscYfZH3Lwovl0yUK9KOz50=s128,CyberKong #843,CyberKongz,6 days ago,$149k
46,https://lh3.googleusercontent.com/0LovkVLCEktCDKXJ_7OxPo2mVqlqGB54EbCfnFH0qLsV_G4SSXn6e6Hu_ioyOh84nktCsgz3t1Kgupf_uPZgWVum8i4Ln4fHgOFs=s128,CyberKong #30,CyberKongz,9 days ago,$147k
47,https://lh3.googleusercontent.com/OFm-5JRI2r_TL8oK1XIYadOWiuI60Te4C8BAuFeksaQg_zuSHqrMYMpI7tddevnyWDNViW0BrKbV8FIgf8-11C7PCs_OF5aUIhjJmQ=s128,CyberKong #796,CyberKongz,9 days ago,$147k
48,https://lh3.googleusercontent.com/PeyKiVbQQzn0gM10nh1o-Ul0dOM999TIKXqXBK7ru5EmXG5C2101FzdeVY9KnSaz_TQBAU6J0Cvxp2K9EEqfOp6k0JhnBVri2a0_MA=s128,CyberKong #429,CyberKongz,14 days ago,$147k
49,https://lh3.googleusercontent.com/b2uHVUZWEZQjdqNkOobpRB0KPNT8YFFLdA6BWd1FZX09eX8WEyJGFxW9oZJraE2kPQyLGW6_EuIwjaWCMQWVmheOXpent2RMUS0cPg=s128,CyberKong #841,CyberKongz,4 days ago,$146k
50,https://lh3.googleusercontent.com/GXSHjJjQ0dedZYoWFtp8kMrfc8HjoYRIsMGHCz40SYNBCWfSPActeoFxRTda3ObktpizkUWOkt_LywugR8AM3D0YZZJftOwnUD0q_rg=s128,CyberKong #192,CyberKongz,23 days ago,$146k
